,region_code,region_name,timestamp,price
0,18,Southern Scotland,00:00 01-01-2020,10.88
1,18,Southern Scotland,00:30 01-01-2020,10.88
2,18,Southern Scotland,01:00 01-01-2020,10.88
3,18,Southern Scotland,01:30 01-01-2020,10.88
4,18,Southern Scotland,02:00 01-01-2020,10.88
5,18,Southern Scotland,02:30 01-01-2020,10.88
6,18,Southern Scotland,03:00 01-01-2020,10.88
7,18,Southern Scotland,03:30 01-01-2020,10.88
8,18,Southern Scotland,04:00 01-01-2020,10.88
9,18,Southern Scotland,04:30 01-01-2020,10.88
10,18,Southern Scotland,05:00 01-01-2020,10.88
11,18,Southern Scotland,05:30 01-01-2020,10.88
12,18,Southern Scotland,06:00 01-01-2020,10.88
13,18,Southern Scotland,06:30 01-01-2020,10.88
14,18,Southern Scotland,07:00 01-01-2020,11.23
15,18,Southern Scotland,07:30 01-01-2020,11.23
16,18,Southern Scotland,08:00 01-01-2020,11.23
17,18,Southern Scotland,08:30 01-01-2020,11.23
18,18,Southern Scotland,09:00 01-01-2020,11.23
19,18,Southern Scotland,09:30 01-01-2020,11.23
20,18,Southern Scotland,10:00 01-01-2020,11.23
21,18,Southern Scotland,10:30 01-01-2020,11.23
22,18,Southern Scotland,11:00 01-01-2020,11.23
23,18,Southern Scotland,11:30 01-01-2020,11.23
24,18,Southern Scotland,12:00 01-01-2020,11.23
25,18,Southern Scotland,12:30 01-01-2020,11.23
26,18,Southern Scotland,13:00 01-01-2020,11.23
27,18,Southern Scotland,13:30 01-01-2020,11.23
28,18,Southern Scotland,14:00 01-01-2020,11.23
29,18,Southern Scotland,14:30 01-01-2020,11.23
30,18,Southern Scotland,15:00 01-01-2020,11.23
31,18,Southern Scotland,15:30 01-01-2020,11.23
32,18,Southern Scotland,16:00 01-01-2020,26.24
33,18,Southern Scotland,16:30 01-01-2020,26.24
34,18,Southern Scotland,17:00 01-01-2020,26.24
35,18,Southern Scotland,17:30 01-01-2020,26.24
36,18,Southern Scotland,18:00 01-01-2020,26.24
37,18,Southern Scotland,18:30 01-01-2020,26.24
38,18,Southern Scotland,19:00 01-01-2020,10.93
39,18,Southern Scotland,19:30 01-01-2020,10.93
40,18,Southern Scotland,20:00 01-01-2020,10.93
41,18,Southern Scotland,20:30 01-01-2020,10.93
42,18,Southern Scotland,21:00 01-01-2020,10.93
43,18,Southern Scotland,21:30 01-01-2020,10.93
44,18,Southern Scotland,22:00 01-01-2020,10.93
45,18,Southern Scotland,22:30 01-01-2020,10.93
46,18,Southern Scotland,23:00 01-01-2020,10.88
47,18,Southern Scotland,23:30 01-01-2020,10.88
48,18,Southern Scotland,00:00 02-01-2020,11.36
49,18,Southern Scotland,00:30 02-01-2020,11.36
50,18,Southern Scotland,01:00 02-01-2020,11.36
51,18,Southern Scotland,01:30 02-01-2020,11.36
52,18,Southern Scotland,02:00 02-01-2020,11.36
53,18,Southern Scotland,02:30 02-01-2020,11.36
54,18,Southern Scotland,03:00 02-01-2020,11.36
55,18,Southern Scotland,03:30 02-01-2020,11.36
56,18,Southern Scotland,04:00 02-01-2020,11.36
57,18,Southern Scotland,04:30 02-01-2020,11.36
58,18,Southern Scotland,05:00 02-01-2020,11.36
59,18,Southern Scotland,05:30 02-01-2020,11.36
60,18,Southern Scotland,06:00 02-01-2020,11.36
61,18,Southern Scotland,06:30 02-01-2020,11.36
62,18,Southern Scotland,07:00 02-01-2020,12.01
63,18,Southern Scotland,07:30 02-01-2020,12.01
64,18,Southern Scotland,08:00 02-01-2020,12.01
65,18,Southern Scotland,08:30 02-01-2020,12.01
66,18,Southern Scotland,09:00 02-01-2020,12.01
67,18,Southern Scotland,09:30 02-01-2020,12.01
68,18,Southern Scotland,10:00 02-01-2020,12.01
69,18,Southern Scotland,10:30 02-01-2020,12.01
70,18,Southern Scotland,11:00 02-01-2020,12.01
71,18,Southern Scotland,11:30 02-01-2020,12.01
72,18,Southern Scotland,12:00 02-01-2020,12.01
73,18,Southern Scotland,12:30 02-01-2020,12.01
74,18,Southern Scotland,13:00 02-01-2020,12.01
75,18,Southern Scotland,13:30 02-01-2020,12.01
76,18,Southern Scotland,14:00 02-01-2020,12.01
77,18,Southern Scotland,14:30 02-01-2020,12.01
78,18,Southern Scotland,15:00 02-01-2020,12.01
79,18,Southern Scotland,15:30 02-01-2020,12.01
80,18,Southern Scotland,16:00 02-01-2020,27.02
81,18,Southern Scotland,16:30 02-01-2020,27.02
82,18,Southern Scotland,17:00 02-01-2020,27.02
83,18,Southern Scotland,17:30 02-01-2020,27.02
84,18,Southern Scotland,18:00 02-01-2020,27.02
85,18,Southern Scotland,18:30 02-01-2020,27.02
86,18,Southern Scotland,19:00 02-01-2020,11.41
87,18,Southern Scotland,19:30 02-01-2020,11.41
88,18,Southern Scotland,20:00 02-01-2020,11.41
89,18,Southern Scotland,20:30 02-01-2020,11.41
90,18,Southern Scotland,21:00 02-01-2020,11.41
91,18,Southern Scotland,21:30 02-01-2020,11.41
92,18,Southern Scotland,22:00 02-01-2020,11.41
93,18,Southern Scotland,22:30 02-01-2020,11.41
94,18,Southern Scotland,23:00 02-01-2020,11.36
95,18,Southern Scotland,23:30 02-01-2020,11.36
96,18,Southern Scotland,00:00 03-01-2020,12.15
97,18,Southern Scotland,00:30 03-01-2020,12.15
98,18,Southern Scotland,01:00 03-01-2020,12.15
99,18,Southern Scotland,01:30 03-01-2020,12.15
100,18,Southern Scotland,02:00 03-01-2020,12.15
101,18,Southern Scotland,02:30 03-01-2020,12.15
102,18,Southern Scotland,03:00 03-01-2020,12.15
103,18,Southern Scotland,03:30 03-01-2020,12.15
104,18,Southern Scotland,04:00 03-01-2020,12.15
105,18,Southern Scotland,04:30 03-01-2020,12.15
106,18,Southern Scotland,05:00 03-01-2020,12.15
107,18,Southern Scotland,05:30 03-01-2020,12.15
108,18,Southern Scotland,06:00 03-01-2020,12.15
109,18,Southern Scotland,06:30 03-01-2020,12.15
110,18,Southern Scotland,07:00 03-01-2020,13.27
111,18,Southern Scotland,07:30 03-01-2020,13.27
112,18,Southern Scotland,08:00 03-01-2020,13.27
113,18,Southern Scotland,08:30 03-01-2020,13.27
114,18,Southern Scotland,09:00 03-01-2020,13.27
115,18,Southern Scotland,09:30 03-01-2020,13.27
116,18,Southern Scotland,10:00 03-01-2020,13.27
117,18,Southern Scotland,10:30 03-01-2020,13.27
118,18,Southern Scotland,11:00 03-01-2020,13.27
119,18,Southern Scotland,11:30 03-01-2020,13.27
120,18,Southern Scotland,12:00 03-01-2020,13.27
121,18,Southern Scotland,12:30 03-01-2020,13.27
122,18,Southern Scotland,13:00 03-01-2020,13.27
123,18,Southern Scotland,13:30 03-01-2020,13.27
124,18,Southern Scotland,14:00 03-01-2020,13.27
125,18,Southern Scotland,14:30 03-01-2020,13.27
126,18,Southern Scotland,15:00 03-01-2020,13.27
127,18,Southern Scotland,15:30 03-01-2020,13.27
128,18,Southern Scotland,16:00 03-01-2020,28.28
129,18,Southern Scotland,16:30 03-01-2020,28.28
130,18,Southern Scotland,17:00 03-01-2020,28.28
131,18,Southern Scotland,17:30 03-01-2020,28.28
132,18,Southern Scotland,18:00 03-01-2020,28.28
133,18,Southern Scotland,18:30 03-01-2020,28.28
134,18,Southern Scotland,19:00 03-01-2020,12.2
135,18,Southern Scotland,19:30 03-01-2020,12.2
136,18,Southern Scotland,20:00 03-01-2020,12.2
137,18,Southern Scotland,20:30 03-01-2020,12.2
138,18,Southern Scotland,21:00 03-01-2020,12.2
139,18,Southern Scotland,21:30 03-01-2020,12.2
140,18,Southern Scotland,22:00 03-01-2020,12.2
141,18,Southern Scotland,22:30 03-01-2020,12.2
142,18,Southern Scotland,23:00 03-01-2020,12.15
143,18,Southern Scotland,23:30 03-01-2020,12.15
144,18,Southern Scotland,00:00 04-01-2020,11.87
145,18,Southern Scotland,00:30 04-01-2020,11.87
146,18,Southern Scotland,01:00 04-01-2020,11.87
147,18,Southern Scotland,01:30 04-01-2020,11.87
148,18,Southern Scotland,02:00 04-01-2020,11.87
149,18,Southern Scotland,02:30 04-01-2020,11.87
150,18,Southern Scotland,03:00 04-01-2020,11.87
151,18,Southern Scotland,03:30 04-01-2020,11.87
152,18,Southern Scotland,04:00 04-01-2020,11.87
153,18,Southern Scotland,04:30 04-01-2020,11.87
154,18,Southern Scotland,05:00 04-01-2020,11.87
155,18,Southern Scotland,05:30 04-01-2020,11.87
156,18,Southern Scotland,06:00 04-01-2020,11.87
157,18,Southern Scotland,06:30 04-01-2020,11.87
158,18,Southern Scotland,07:00 04-01-2020,12.57
159,18,Southern Scotland,07:30 04-01-2020,12.57
160,18,Southern Scotland,08:00 04-01-2020,12.57
161,18,Southern Scotland,08:30 04-01-2020,12.57
162,18,Southern Scotland,09:00 04-01-2020,12.57
163,18,Southern Scotland,09:30 04-01-2020,12.57
164,18,Southern Scotland,10:00 04-01-2020,12.57
165,18,Southern Scotland,10:30 04-01-2020,12.57
166,18,Southern Scotland,11:00 04-01-2020,12.57
167,18,Southern Scotland,11:30 04-01-2020,12.57
168,18,Southern Scotland,12:00 04-01-2020,12.57
169,18,Southern Scotland,12:30 04-01-2020,12.57
170,18,Southern Scotland,13:00 04-01-2020,12.57
171,18,Southern Scotland,13:30 04-01-2020,12.57
172,18,Southern Scotland,14:00 04-01-2020,12.57
173,18,Southern Scotland,14:30 04-01-2020,12.57
174,18,Southern Scotland,15:00 04-01-2020,12.57
175,18,Southern Scotland,15:30 04-01-2020,12.57
176,18,Southern Scotland,16:00 04-01-2020,12.57
177,18,Southern Scotland,16:30 04-01-2020,12.57
178,18,Southern Scotland,17:00 04-01-2020,12.57
179,18,Southern Scotland,17:30 04-01-2020,12.57
180,18,Southern Scotland,18:00 04-01-2020,12.57
181,18,Southern Scotland,18:30 04-01-2020,12.57
182,18,Southern Scotland,19:00 04-01-2020,11.87
183,18,Southern Scotland,19:30 04-01-2020,11.87
184,18,Southern Scotland,20:00 04-01-2020,11.87
185,18,Southern Scotland,20:30 04-01-2020,11.87
186,18,Southern Scotland,21:00 04-01-2020,11.87
187,18,Southern Scotland,21:30 04-01-2020,11.87
188,18,Southern Scotland,22:00 04-01-2020,11.87
189,18,Southern Scotland,22:30 04-01-2020,11.87
190,18,Southern Scotland,23:00 04-01-2020,11.87
191,18,Southern Scotland,23:30 04-01-2020,11.87
192,18,Southern Scotland,00:00 05-01-2020,11.47
193,18,Southern Scotland,00:30 05-01-2020,11.47
194,18,Southern Scotland,01:00 05-01-2020,11.47
195,18,Southern Scotland,01:30 05-01-2020,11.47
196,18,Southern Scotland,02:00 05-01-2020,11.47
197,18,Southern Scotland,02:30 05-01-2020,11.47
198,18,Southern Scotland,03:00 05-01-2020,11.47
199,18,Southern Scotland,03:30 05-01-2020,11.47
200,18,Southern Scotland,04:00 05-01-2020,11.47
201,18,Southern Scotland,04:30 05-01-2020,11.47
202,18,Southern Scotland,05:00 05-01-2020,11.47
203,18,Southern Scotland,05:30 05-01-2020,11.47
204,18,Southern Scotland,06:00 05-01-2020,11.47
205,18,Southern Scotland,06:30 05-01-2020,11.47
206,18,Southern Scotland,07:00 05-01-2020,11.98
207,18,Southern Scotland,07:30 05-01-2020,11.98
208,18,Southern Scotland,08:00 05-01-2020,11.98
209,18,Southern Scotland,08:30 05-01-2020,11.98
210,18,Southern Scotland,09:00 05-01-2020,11.98
211,18,Southern Scotland,09:30 05-01-2020,11.98
212,18,Southern Scotland,10:00 05-01-2020,11.98
213,18,Southern Scotland,10:30 05-01-2020,11.98
214,18,Southern Scotland,11:00 05-01-2020,11.98
215,18,Southern Scotland,11:30 05-01-2020,11.98
216,18,Southern Scotland,12:00 05-01-2020,11.98
217,18,Southern Scotland,12:30 05-01-2020,11.98
218,18,Southern Scotland,13:00 05-01-2020,11.98
219,18,Southern Scotland,13:30 05-01-2020,11.98
220,18,Southern Scotland,14:00 05-01-2020,11.98
221,18,Southern Scotland,14:30 05-01-2020,11.98
222,18,Southern Scotland,15:00 05-01-2020,11.98
223,18,Southern Scotland,15:30 05-01-2020,11.98
224,18,Southern Scotland,16:00 05-01-2020,11.98
225,18,Southern Scotland,16:30 05-01-2020,11.98
226,18,Southern Scotland,17:00 05-01-2020,11.98
227,18,Southern Scotland,17:30 05-01-2020,11.98
228,18,Southern Scotland,18:00 05-01-2020,11.98
229,18,Southern Scotland,18:30 05-01-2020,11.98
230,18,Southern Scotland,19:00 05-01-2020,11.47
231,18,Southern Scotland,19:30 05-01-2020,11.47
232,18,Southern Scotland,20:00 05-01-2020,11.47
233,18,Southern Scotland,20:30 05-01-2020,11.47
234,18,Southern Scotland,21:00 05-01-2020,11.47
235,18,Southern Scotland,21:30 05-01-2020,11.47
236,18,Southern Scotland,22:00 05-01-2020,11.47
237,18,Southern Scotland,22:30 05-01-2020,11.47
238,18,Southern Scotland,23:00 05-01-2020,11.47
239,18,Southern Scotland,23:30 05-01-2020,11.47
240,18,Southern Scotland,00:00 06-01-2020,11.62
241,18,Southern Scotland,00:30 06-01-2020,11.62
242,18,Southern Scotland,01:00 06-01-2020,11.62
243,18,Southern Scotland,01:30 06-01-2020,11.62
244,18,Southern Scotland,02:00 06-01-2020,11.62
245,18,Southern Scotland,02:30 06-01-2020,11.62
246,18,Southern Scotland,03:00 06-01-2020,11.62
247,18,Southern Scotland,03:30 06-01-2020,11.62
248,18,Southern Scotland,04:00 06-01-2020,11.62
249,18,Southern Scotland,04:30 06-01-2020,11.62
250,18,Southern Scotland,05:00 06-01-2020,11.62
251,18,Southern Scotland,05:30 06-01-2020,11.62
252,18,Southern Scotland,06:00 06-01-2020,11.62
253,18,Southern Scotland,06:30 06-01-2020,11.62
254,18,Southern Scotland,07:00 06-01-2020,12.29
255,18,Southern Scotland,07:30 06-01-2020,12.29
256,18,Southern Scotland,08:00 06-01-2020,12.29
257,18,Southern Scotland,08:30 06-01-2020,12.29
258,18,Southern Scotland,09:00 06-01-2020,12.29
259,18,Southern Scotland,09:30 06-01-2020,12.29
260,18,Southern Scotland,10:00 06-01-2020,12.29
261,18,Southern Scotland,10:30 06-01-2020,12.29
262,18,Southern Scotland,11:00 06-01-2020,12.29
263,18,Southern Scotland,11:30 06-01-2020,12.29
264,18,Southern Scotland,12:00 06-01-2020,12.29
265,18,Southern Scotland,12:30 06-01-2020,12.29
266,18,Southern Scotland,13:00 06-01-2020,12.29
267,18,Southern Scotland,13:30 06-01-2020,12.29
268,18,Southern Scotland,14:00 06-01-2020,12.29
269,18,Southern Scotland,14:30 06-01-2020,12.29
270,18,Southern Scotland,15:00 06-01-2020,12.29
271,18,Southern Scotland,15:30 06-01-2020,12.29
272,18,Southern Scotland,16:00 06-01-2020,27.3
273,18,Southern Scotland,16:30 06-01-2020,27.3
274,18,Southern Scotland,17:00 06-01-2020,27.3
275,18,Southern Scotland,17:30 06-01-2020,27.3
276,18,Southern Scotland,18:00 06-01-2020,27.3
277,18,Southern Scotland,18:30 06-01-2020,27.3
278,18,Southern Scotland,19:00 06-01-2020,11.67
279,18,Southern Scotland,19:30 06-01-2020,11.67
280,18,Southern Scotland,20:00 06-01-2020,11.67
281,18,Southern Scotland,20:30 06-01-2020,11.67
282,18,Southern Scotland,21:00 06-01-2020,11.67
283,18,Southern Scotland,21:30 06-01-2020,11.67
284,18,Southern Scotland,22:00 06-01-2020,11.67
285,18,Southern Scotland,22:30 06-01-2020,11.67
286,18,Southern Scotland,23:00 06-01-2020,11.62
287,18,Southern Scotland,23:30 06-01-2020,11.62
288,18,Southern Scotland,00:00 07-01-2020,11.13
289,18,Southern Scotland,00:30 07-01-2020,11.13
290,18,Southern Scotland,01:00 07-01-2020,11.13
291,18,Southern Scotland,01:30 07-01-2020,11.13
292,18,Southern Scotland,02:00 07-01-2020,11.13
293,18,Southern Scotland,02:30 07-01-2020,11.13
294,18,Southern Scotland,03:00 07-01-2020,11.13
295,18,Southern Scotland,03:30 07-01-2020,11.13
296,18,Southern Scotland,04:00 07-01-2020,11.13
297,18,Southern Scotland,04:30 07-01-2020,11.13
298,18,Southern Scotland,05:00 07-01-2020,11.13
299,18,Southern Scotland,05:30 07-01-2020,11.13
300,18,Southern Scotland,06:00 07-01-2020,11.13
301,18,Southern Scotland,06:30 07-01-2020,11.13
302,18,Southern Scotland,07:00 07-01-2020,11.57
303,18,Southern Scotland,07:30 07-01-2020,11.57
304,18,Southern Scotland,08:00 07-01-2020,11.57
305,18,Southern Scotland,08:30 07-01-2020,11.57
306,18,Southern Scotland,09:00 07-01-2020,11.57
307,18,Southern Scotland,09:30 07-01-2020,11.57
308,18,Southern Scotland,10:00 07-01-2020,11.57
309,18,Southern Scotland,10:30 07-01-2020,11.57
310,18,Southern Scotland,11:00 07-01-2020,11.57
311,18,Southern Scotland,11:30 07-01-2020,11.57
312,18,Southern Scotland,12:00 07-01-2020,11.57
313,18,Southern Scotland,12:30 07-01-2020,11.57
314,18,Southern Scotland,13:00 07-01-2020,11.57
315,18,Southern Scotland,13:30 07-01-2020,11.57
316,18,Southern Scotland,14:00 07-01-2020,11.57
317,18,Southern Scotland,14:30 07-01-2020,11.57
318,18,Southern Scotland,15:00 07-01-2020,11.57
319,18,Southern Scotland,15:30 07-01-2020,11.57
320,18,Southern Scotland,16:00 07-01-2020,26.58
321,18,Southern Scotland,16:30 07-01-2020,26.58
322,18,Southern Scotland,17:00 07-01-2020,26.58
323,18,Southern Scotland,17:30 07-01-2020,26.58
324,18,Southern Scotland,18:00 07-01-2020,26.58
325,18,Southern Scotland,18:30 07-01-2020,26.58
326,18,Southern Scotland,19:00 07-01-2020,11.18
327,18,Southern Scotland,19:30 07-01-2020,11.18
328,18,Southern Scotland,20:00 07-01-2020,11.18
329,18,Southern Scotland,20:30 07-01-2020,11.18
330,18,Southern Scotland,21:00 07-01-2020,11.18
331,18,Southern Scotland,21:30 07-01-2020,11.18
332,18,Southern Scotland,22:00 07-01-2020,11.18
333,18,Southern Scotland,22:30 07-01-2020,11.18
334,18,Southern Scotland,23:00 07-01-2020,11.13
335,18,Southern Scotland,23:30 07-01-2020,11.13
336,18,Southern Scotland,00:00 08-01-2020,11.11
337,18,Southern Scotland,00:30 08-01-2020,11.11
338,18,Southern Scotland,01:00 08-01-2020,11.11
339,18,Southern Scotland,01:30 08-01-2020,11.11
340,18,Southern Scotland,02:00 08-01-2020,11.11
341,18,Southern Scotland,02:30 08-01-2020,11.11
342,18,Southern Scotland,03:00 08-01-2020,11.11
343,18,Southern Scotland,03:30 08-01-2020,11.11
344,18,Southern Scotland,04:00 08-01-2020,11.11
345,18,Southern Scotland,04:30 08-01-2020,11.11
346,18,Southern Scotland,05:00 08-01-2020,11.11
347,18,Southern Scotland,05:30 08-01-2020,11.11
348,18,Southern Scotland,06:00 08-01-2020,11.11
349,18,Southern Scotland,06:30 08-01-2020,11.11
350,18,Southern Scotland,07:00 08-01-2020,11.77
351,18,Southern Scotland,07:30 08-01-2020,11.77
352,18,Southern Scotland,08:00 08-01-2020,11.77
353,18,Southern Scotland,08:30 08-01-2020,11.77
354,18,Southern Scotland,09:00 08-01-2020,11.77
355,18,Southern Scotland,09:30 08-01-2020,11.77
356,18,Southern Scotland,10:00 08-01-2020,11.77
357,18,Southern Scotland,10:30 08-01-2020,11.77
358,18,Southern Scotland,11:00 08-01-2020,11.77
359,18,Southern Scotland,11:30 08-01-2020,11.77
360,18,Southern Scotland,12:00 08-01-2020,11.77
361,18,Southern Scotland,12:30 08-01-2020,11.77
362,18,Southern Scotland,13:00 08-01-2020,11.77
363,18,Southern Scotland,13:30 08-01-2020,11.77
364,18,Southern Scotland,14:00 08-01-2020,11.77
365,18,Southern Scotland,14:30 08-01-2020,11.77
366,18,Southern Scotland,15:00 08-01-2020,11.77
367,18,Southern Scotland,15:30 08-01-2020,11.77
368,18,Southern Scotland,16:00 08-01-2020,26.79
369,18,Southern Scotland,16:30 08-01-2020,26.79
370,18,Southern Scotland,17:00 08-01-2020,26.79
371,18,Southern Scotland,17:30 08-01-2020,26.79
372,18,Southern Scotland,18:00 08-01-2020,26.79
373,18,Southern Scotland,18:30 08-01-2020,26.79
374,18,Southern Scotland,19:00 08-01-2020,11.16
375,18,Southern Scotland,19:30 08-01-2020,11.16
376,18,Southern Scotland,20:00 08-01-2020,11.16
377,18,Southern Scotland,20:30 08-01-2020,11.16
378,18,Southern Scotland,21:00 08-01-2020,11.16
379,18,Southern Scotland,21:30 08-01-2020,11.16
380,18,Southern Scotland,22:00 08-01-2020,11.16
381,18,Southern Scotland,22:30 08-01-2020,11.16
382,18,Southern Scotland,23:00 08-01-2020,11.11
383,18,Southern Scotland,23:30 08-01-2020,11.11
384,18,Southern Scotland,00:00 09-01-2020,11.18
385,18,Southern Scotland,00:30 09-01-2020,11.18
386,18,Southern Scotland,01:00 09-01-2020,11.18
387,18,Southern Scotland,01:30 09-01-2020,11.18
388,18,Southern Scotland,02:00 09-01-2020,11.18
389,18,Southern Scotland,02:30 09-01-2020,11.18
390,18,Southern Scotland,03:00 09-01-2020,11.18
391,18,Southern Scotland,03:30 09-01-2020,11.18
392,18,Southern Scotland,04:00 09-01-2020,11.18
393,18,Southern Scotland,04:30 09-01-2020,11.18
394,18,Southern Scotland,05:00 09-01-2020,11.18
395,18,Southern Scotland,05:30 09-01-2020,11.18
396,18,Southern Scotland,06:00 09-01-2020,11.18
397,18,Southern Scotland,06:30 09-01-2020,11.18
398,18,Southern Scotland,07:00 09-01-2020,11.7
399,18,Southern Scotland,07:30 09-01-2020,11.7
400,18,Southern Scotland,08:00 09-01-2020,11.7
401,18,Southern Scotland,08:30 09-01-2020,11.7
402,18,Southern Scotland,09:00 09-01-2020,11.7
403,18,Southern Scotland,09:30 09-01-2020,11.7
404,18,Southern Scotland,10:00 09-01-2020,11.7
405,18,Southern Scotland,10:30 09-01-2020,11.7
406,18,Southern Scotland,11:00 09-01-2020,11.7
407,18,Southern Scotland,11:30 09-01-2020,11.7
408,18,Southern Scotland,12:00 09-01-2020,11.7
409,18,Southern Scotland,12:30 09-01-2020,11.7
410,18,Southern Scotland,13:00 09-01-2020,11.7
411,18,Southern Scotland,13:30 09-01-2020,11.7
412,18,Southern Scotland,14:00 09-01-2020,11.7
413,18,Southern Scotland,14:30 09-01-2020,11.7
414,18,Southern Scotland,15:00 09-01-2020,11.7
415,18,Southern Scotland,15:30 09-01-2020,11.7
416,18,Southern Scotland,16:00 09-01-2020,26.71
417,18,Southern Scotland,16:30 09-01-2020,26.71
418,18,Southern Scotland,17:00 09-01-2020,26.71
419,18,Southern Scotland,17:30 09-01-2020,26.71
420,18,Southern Scotland,18:00 09-01-2020,26.71
421,18,Southern Scotland,18:30 09-01-2020,26.71
422,18,Southern Scotland,19:00 09-01-2020,11.23
423,18,Southern Scotland,19:30 09-01-2020,11.23
424,18,Southern Scotland,20:00 09-01-2020,11.23
425,18,Southern Scotland,20:30 09-01-2020,11.23
426,18,Southern Scotland,21:00 09-01-2020,11.23
427,18,Southern Scotland,21:30 09-01-2020,11.23
428,18,Southern Scotland,22:00 09-01-2020,11.23
429,18,Southern Scotland,22:30 09-01-2020,11.23
430,18,Southern Scotland,23:00 09-01-2020,11.18
431,18,Southern Scotland,23:30 09-01-2020,11.18
432,18,Southern Scotland,00:00 10-01-2020,11.61
433,18,Southern Scotland,00:30 10-01-2020,11.61
434,18,Southern Scotland,01:00 10-01-2020,11.61
435,18,Southern Scotland,01:30 10-01-2020,11.61
436,18,Southern Scotland,02:00 10-01-2020,11.61
437,18,Southern Scotland,02:30 10-01-2020,11.61
438,18,Southern Scotland,03:00 10-01-2020,11.61
439,18,Southern Scotland,03:30 10-01-2020,11.61
440,18,Southern Scotland,04:00 10-01-2020,11.61
441,18,Southern Scotland,04:30 10-01-2020,11.61
442,18,Southern Scotland,05:00 10-01-2020,11.61
443,18,Southern Scotland,05:30 10-01-2020,11.61
444,18,Southern Scotland,06:00 10-01-2020,11.61
445,18,Southern Scotland,06:30 10-01-2020,11.61
446,18,Southern Scotland,07:00 10-01-2020,12.35
447,18,Southern Scotland,07:30 10-01-2020,12.35
448,18,Southern Scotland,08:00 10-01-2020,12.35
449,18,Southern Scotland,08:30 10-01-2020,12.35
450,18,Southern Scotland,09:00 10-01-2020,12.35
451,18,Southern Scotland,09:30 10-01-2020,12.35
452,18,Southern Scotland,10:00 10-01-2020,12.35
453,18,Southern Scotland,10:30 10-01-2020,12.35
454,18,Southern Scotland,11:00 10-01-2020,12.35
455,18,Southern Scotland,11:30 10-01-2020,12.35
456,18,Southern Scotland,12:00 10-01-2020,12.35
457,18,Southern Scotland,12:30 10-01-2020,12.35
458,18,Southern Scotland,13:00 10-01-2020,12.35
459,18,Southern Scotland,13:30 10-01-2020,12.35
460,18,Southern Scotland,14:00 10-01-2020,12.35
461,18,Southern Scotland,14:30 10-01-2020,12.35
462,18,Southern Scotland,15:00 10-01-2020,12.35
463,18,Southern Scotland,15:30 10-01-2020,12.35
464,18,Southern Scotland,16:00 10-01-2020,27.37
465,18,Southern Scotland,16:30 10-01-2020,27.37
466,18,Southern Scotland,17:00 10-01-2020,27.37
467,18,Southern Scotland,17:30 10-01-2020,27.37
468,18,Southern Scotland,18:00 10-01-2020,27.37
469,18,Southern Scotland,18:30 10-01-2020,27.37
470,18,Southern Scotland,19:00 10-01-2020,11.66
471,18,Southern Scotland,19:30 10-01-2020,11.66
472,18,Southern Scotland,20:00 10-01-2020,11.66
473,18,Southern Scotland,20:30 10-01-2020,11.66
474,18,Southern Scotland,21:00 10-01-2020,11.66
475,18,Southern Scotland,21:30 10-01-2020,11.66
476,18,Southern Scotland,22:00 10-01-2020,11.66
477,18,Southern Scotland,22:30 10-01-2020,11.66
478,18,Southern Scotland,23:00 10-01-2020,11.61
479,18,Southern Scotland,23:30 10-01-2020,11.61
480,18,Southern Scotland,00:00 11-01-2020,11.14
481,18,Southern Scotland,00:30 11-01-2020,11.14
482,18,Southern Scotland,01:00 11-01-2020,11.14
483,18,Southern Scotland,01:30 11-01-2020,11.14
484,18,Southern Scotland,02:00 11-01-2020,11.14
485,18,Southern Scotland,02:30 11-01-2020,11.14
486,18,Southern Scotland,03:00 11-01-2020,11.14
487,18,Southern Scotland,03:30 11-01-2020,11.14
488,18,Southern Scotland,04:00 11-01-2020,11.14
489,18,Southern Scotland,04:30 11-01-2020,11.14
490,18,Southern Scotland,05:00 11-01-2020,11.14
491,18,Southern Scotland,05:30 11-01-2020,11.14
492,18,Southern Scotland,06:00 11-01-2020,11.14
493,18,Southern Scotland,06:30 11-01-2020,11.14
494,18,Southern Scotland,07:00 11-01-2020,11.68
495,18,Southern Scotland,07:30 11-01-2020,11.68
496,18,Southern Scotland,08:00 11-01-2020,11.68
497,18,Southern Scotland,08:30 11-01-2020,11.68
498,18,Southern Scotland,09:00 11-01-2020,11.68
499,18,Southern Scotland,09:30 11-01-2020,11.68
500,18,Southern Scotland,10:00 11-01-2020,11.68
501,18,Southern Scotland,10:30 11-01-2020,11.68
502,18,Southern Scotland,11:00 11-01-2020,11.68
503,18,Southern Scotland,11:30 11-01-2020,11.68
504,18,Southern Scotland,12:00 11-01-2020,11.68
505,18,Southern Scotland,12:30 11-01-2020,11.68
506,18,Southern Scotland,13:00 11-01-2020,11.68
507,18,Southern Scotland,13:30 11-01-2020,11.68
508,18,Southern Scotland,14:00 11-01-2020,11.68
509,18,Southern Scotland,14:30 11-01-2020,11.68
510,18,Southern Scotland,15:00 11-01-2020,11.68
511,18,Southern Scotland,15:30 11-01-2020,11.68
512,18,Southern Scotland,16:00 11-01-2020,11.68
513,18,Southern Scotland,16:30 11-01-2020,11.68
514,18,Southern Scotland,17:00 11-01-2020,11.68
515,18,Southern Scotland,17:30 11-01-2020,11.68
516,18,Southern Scotland,18:00 11-01-2020,11.68
517,18,Southern Scotland,18:30 11-01-2020,11.68
518,18,Southern Scotland,19:00 11-01-2020,11.14
519,18,Southern Scotland,19:30 11-01-2020,11.14
520,18,Southern Scotland,20:00 11-01-2020,11.14
521,18,Southern Scotland,20:30 11-01-2020,11.14
522,18,Southern Scotland,21:00 11-01-2020,11.14
523,18,Southern Scotland,21:30 11-01-2020,11.14
524,18,Southern Scotland,22:00 11-01-2020,11.14
525,18,Southern Scotland,22:30 11-01-2020,11.14
526,18,Southern Scotland,23:00 11-01-2020,11.14
527,18,Southern Scotland,23:30 11-01-2020,11.14
528,18,Southern Scotland,00:00 12-01-2020,10.88
529,18,Southern Scotland,00:30 12-01-2020,10.88
530,18,Southern Scotland,01:00 12-01-2020,10.88
531,18,Southern Scotland,01:30 12-01-2020,10.88
532,18,Southern Scotland,02:00 12-01-2020,10.88
533,18,Southern Scotland,02:30 12-01-2020,10.88
534,18,Southern Scotland,03:00 12-01-2020,10.88
535,18,Southern Scotland,03:30 12-01-2020,10.88
536,18,Southern Scotland,04:00 12-01-2020,10.88
537,18,Southern Scotland,04:30 12-01-2020,10.88
538,18,Southern Scotland,05:00 12-01-2020,10.88
539,18,Southern Scotland,05:30 12-01-2020,10.88
540,18,Southern Scotland,06:00 12-01-2020,10.88
541,18,Southern Scotland,06:30 12-01-2020,10.88
542,18,Southern Scotland,07:00 12-01-2020,11.28
543,18,Southern Scotland,07:30 12-01-2020,11.28
544,18,Southern Scotland,08:00 12-01-2020,11.28
545,18,Southern Scotland,08:30 12-01-2020,11.28
546,18,Southern Scotland,09:00 12-01-2020,11.28
547,18,Southern Scotland,09:30 12-01-2020,11.28
548,18,Southern Scotland,10:00 12-01-2020,11.28
549,18,Southern Scotland,10:30 12-01-2020,11.28
550,18,Southern Scotland,11:00 12-01-2020,11.28
551,18,Southern Scotland,11:30 12-01-2020,11.28
552,18,Southern Scotland,12:00 12-01-2020,11.28
553,18,Southern Scotland,12:30 12-01-2020,11.28
554,18,Southern Scotland,13:00 12-01-2020,11.28
555,18,Southern Scotland,13:30 12-01-2020,11.28
556,18,Southern Scotland,14:00 12-01-2020,11.28
557,18,Southern Scotland,14:30 12-01-2020,11.28
558,18,Southern Scotland,15:00 12-01-2020,11.28
559,18,Southern Scotland,15:30 12-01-2020,11.28
560,18,Southern Scotland,16:00 12-01-2020,11.28
561,18,Southern Scotland,16:30 12-01-2020,11.28
562,18,Southern Scotland,17:00 12-01-2020,11.28
563,18,Southern Scotland,17:30 12-01-2020,11.28
564,18,Southern Scotland,18:00 12-01-2020,11.28
565,18,Southern Scotland,18:30 12-01-2020,11.28
566,18,Southern Scotland,19:00 12-01-2020,10.88
567,18,Southern Scotland,19:30 12-01-2020,10.88
568,18,Southern Scotland,20:00 12-01-2020,10.88
569,18,Southern Scotland,20:30 12-01-2020,10.88
570,18,Southern Scotland,21:00 12-01-2020,10.88
571,18,Southern Scotland,21:30 12-01-2020,10.88
572,18,Southern Scotland,22:00 12-01-2020,10.88
573,18,Southern Scotland,22:30 12-01-2020,10.88
574,18,Southern Scotland,23:00 12-01-2020,10.88
575,18,Southern Scotland,23:30 12-01-2020,10.88
576,18,Southern Scotland,00:00 13-01-2020,10.45
577,18,Southern Scotland,00:30 13-01-2020,10.45
578,18,Southern Scotland,01:00 13-01-2020,10.45
579,18,Southern Scotland,01:30 13-01-2020,10.45
580,18,Southern Scotland,02:00 13-01-2020,10.45
581,18,Southern Scotland,02:30 13-01-2020,10.45
582,18,Southern Scotland,03:00 13-01-2020,10.45
583,18,Southern Scotland,03:30 13-01-2020,10.45
584,18,Southern Scotland,04:00 13-01-2020,10.45
585,18,Southern Scotland,04:30 13-01-2020,10.45
586,18,Southern Scotland,05:00 13-01-2020,10.45
587,18,Southern Scotland,05:30 13-01-2020,10.45
588,18,Southern Scotland,06:00 13-01-2020,10.45
589,18,Southern Scotland,06:30 13-01-2020,10.45
590,18,Southern Scotland,07:00 13-01-2020,11.33
591,18,Southern Scotland,07:30 13-01-2020,11.33
592,18,Southern Scotland,08:00 13-01-2020,11.33
593,18,Southern Scotland,08:30 13-01-2020,11.33
594,18,Southern Scotland,09:00 13-01-2020,11.33
595,18,Southern Scotland,09:30 13-01-2020,11.33
596,18,Southern Scotland,10:00 13-01-2020,11.33
597,18,Southern Scotland,10:30 13-01-2020,11.33
598,18,Southern Scotland,11:00 13-01-2020,11.33
599,18,Southern Scotland,11:30 13-01-2020,11.33
600,18,Southern Scotland,12:00 13-01-2020,11.33
601,18,Southern Scotland,12:30 13-01-2020,11.33
602,18,Southern Scotland,13:00 13-01-2020,11.33
603,18,Southern Scotland,13:30 13-01-2020,11.33
604,18,Southern Scotland,14:00 13-01-2020,11.33
605,18,Southern Scotland,14:30 13-01-2020,11.33
606,18,Southern Scotland,15:00 13-01-2020,11.33
607,18,Southern Scotland,15:30 13-01-2020,11.33
608,18,Southern Scotland,16:00 13-01-2020,26.34
609,18,Southern Scotland,16:30 13-01-2020,26.34
610,18,Southern Scotland,17:00 13-01-2020,26.34
611,18,Southern Scotland,17:30 13-01-2020,26.34
612,18,Southern Scotland,18:00 13-01-2020,26.34
613,18,Southern Scotland,18:30 13-01-2020,26.34
614,18,Southern Scotland,19:00 13-01-2020,10.5
615,18,Southern Scotland,19:30 13-01-2020,10.5
616,18,Southern Scotland,20:00 13-01-2020,10.5
617,18,Southern Scotland,20:30 13-01-2020,10.5
618,18,Southern Scotland,21:00 13-01-2020,10.5
619,18,Southern Scotland,21:30 13-01-2020,10.5
620,18,Southern Scotland,22:00 13-01-2020,10.5
621,18,Southern Scotland,22:30 13-01-2020,10.5
622,18,Southern Scotland,23:00 13-01-2020,10.45
623,18,Southern Scotland,23:30 13-01-2020,10.45
624,18,Southern Scotland,00:00 14-01-2020,11.28
625,18,Southern Scotland,00:30 14-01-2020,11.28
626,18,Southern Scotland,01:00 14-01-2020,11.28
627,18,Southern Scotland,01:30 14-01-2020,11.28
628,18,Southern Scotland,02:00 14-01-2020,11.28
629,18,Southern Scotland,02:30 14-01-2020,11.28
630,18,Southern Scotland,03:00 14-01-2020,11.28
631,18,Southern Scotland,03:30 14-01-2020,11.28
632,18,Southern Scotland,04:00 14-01-2020,11.28
633,18,Southern Scotland,04:30 14-01-2020,11.28
634,18,Southern Scotland,05:00 14-01-2020,11.28
635,18,Southern Scotland,05:30 14-01-2020,11.28
636,18,Southern Scotland,06:00 14-01-2020,11.28
637,18,Southern Scotland,06:30 14-01-2020,11.28
638,18,Southern Scotland,07:00 14-01-2020,11.89
639,18,Southern Scotland,07:30 14-01-2020,11.89
640,18,Southern Scotland,08:00 14-01-2020,11.89
641,18,Southern Scotland,08:30 14-01-2020,11.89
642,18,Southern Scotland,09:00 14-01-2020,11.89
643,18,Southern Scotland,09:30 14-01-2020,11.89
644,18,Southern Scotland,10:00 14-01-2020,11.89
645,18,Southern Scotland,10:30 14-01-2020,11.89
646,18,Southern Scotland,11:00 14-01-2020,11.89
647,18,Southern Scotland,11:30 14-01-2020,11.89
648,18,Southern Scotland,12:00 14-01-2020,11.89
649,18,Southern Scotland,12:30 14-01-2020,11.89
650,18,Southern Scotland,13:00 14-01-2020,11.89
651,18,Southern Scotland,13:30 14-01-2020,11.89
652,18,Southern Scotland,14:00 14-01-2020,11.89
653,18,Southern Scotland,14:30 14-01-2020,11.89
654,18,Southern Scotland,15:00 14-01-2020,11.89
655,18,Southern Scotland,15:30 14-01-2020,11.89
656,18,Southern Scotland,16:00 14-01-2020,26.9
657,18,Southern Scotland,16:30 14-01-2020,26.9
658,18,Southern Scotland,17:00 14-01-2020,26.9
659,18,Southern Scotland,17:30 14-01-2020,26.9
660,18,Southern Scotland,18:00 14-01-2020,26.9
661,18,Southern Scotland,18:30 14-01-2020,26.9
662,18,Southern Scotland,19:00 14-01-2020,11.33
663,18,Southern Scotland,19:30 14-01-2020,11.33
664,18,Southern Scotland,20:00 14-01-2020,11.33
665,18,Southern Scotland,20:30 14-01-2020,11.33
666,18,Southern Scotland,21:00 14-01-2020,11.33
667,18,Southern Scotland,21:30 14-01-2020,11.33
668,18,Southern Scotland,22:00 14-01-2020,11.33
669,18,Southern Scotland,22:30 14-01-2020,11.33
670,18,Southern Scotland,23:00 14-01-2020,11.28
671,18,Southern Scotland,23:30 14-01-2020,11.28
672,18,Southern Scotland,00:00 15-01-2020,11.02
673,18,Southern Scotland,00:30 15-01-2020,11.02
674,18,Southern Scotland,01:00 15-01-2020,11.02
675,18,Southern Scotland,01:30 15-01-2020,11.02
676,18,Southern Scotland,02:00 15-01-2020,11.02
677,18,Southern Scotland,02:30 15-01-2020,11.02
678,18,Southern Scotland,03:00 15-01-2020,11.02
679,18,Southern Scotland,03:30 15-01-2020,11.02
680,18,Southern Scotland,04:00 15-01-2020,11.02
681,18,Southern Scotland,04:30 15-01-2020,11.02
682,18,Southern Scotland,05:00 15-01-2020,11.02
683,18,Southern Scotland,05:30 15-01-2020,11.02
684,18,Southern Scotland,06:00 15-01-2020,11.02
685,18,Southern Scotland,06:30 15-01-2020,11.02
686,18,Southern Scotland,07:00 15-01-2020,11.5
687,18,Southern Scotland,07:30 15-01-2020,11.5
688,18,Southern Scotland,08:00 15-01-2020,11.5
689,18,Southern Scotland,08:30 15-01-2020,11.5
690,18,Southern Scotland,09:00 15-01-2020,11.5
691,18,Southern Scotland,09:30 15-01-2020,11.5
692,18,Southern Scotland,10:00 15-01-2020,11.5
693,18,Southern Scotland,10:30 15-01-2020,11.5
694,18,Southern Scotland,11:00 15-01-2020,11.5
695,18,Southern Scotland,11:30 15-01-2020,11.5
696,18,Southern Scotland,12:00 15-01-2020,11.5
697,18,Southern Scotland,12:30 15-01-2020,11.5
698,18,Southern Scotland,13:00 15-01-2020,11.5
699,18,Southern Scotland,13:30 15-01-2020,11.5
700,18,Southern Scotland,14:00 15-01-2020,11.5
701,18,Southern Scotland,14:30 15-01-2020,11.5
702,18,Southern Scotland,15:00 15-01-2020,11.5
703,18,Southern Scotland,15:30 15-01-2020,11.5
704,18,Southern Scotland,16:00 15-01-2020,26.51
705,18,Southern Scotland,16:30 15-01-2020,26.51
706,18,Southern Scotland,17:00 15-01-2020,26.51
707,18,Southern Scotland,17:30 15-01-2020,26.51
708,18,Southern Scotland,18:00 15-01-2020,26.51
709,18,Southern Scotland,18:30 15-01-2020,26.51
710,18,Southern Scotland,19:00 15-01-2020,11.07
711,18,Southern Scotland,19:30 15-01-2020,11.07
712,18,Southern Scotland,20:00 15-01-2020,11.07
713,18,Southern Scotland,20:30 15-01-2020,11.07
714,18,Southern Scotland,21:00 15-01-2020,11.07
715,18,Southern Scotland,21:30 15-01-2020,11.07
716,18,Southern Scotland,22:00 15-01-2020,11.07
717,18,Southern Scotland,22:30 15-01-2020,11.07
718,18,Southern Scotland,23:00 15-01-2020,11.02
719,18,Southern Scotland,23:30 15-01-2020,11.02
720,18,Southern Scotland,00:00 16-01-2020,11.1
721,18,Southern Scotland,00:30 16-01-2020,11.1
722,18,Southern Scotland,01:00 16-01-2020,11.1
723,18,Southern Scotland,01:30 16-01-2020,11.1
724,18,Southern Scotland,02:00 16-01-2020,11.1
725,18,Southern Scotland,02:30 16-01-2020,11.1
726,18,Southern Scotland,03:00 16-01-2020,11.1
727,18,Southern Scotland,03:30 16-01-2020,11.1
728,18,Southern Scotland,04:00 16-01-2020,11.1
729,18,Southern Scotland,04:30 16-01-2020,11.1
730,18,Southern Scotland,05:00 16-01-2020,11.1
731,18,Southern Scotland,05:30 16-01-2020,11.1
732,18,Southern Scotland,06:00 16-01-2020,11.1
733,18,Southern Scotland,06:30 16-01-2020,11.1
734,18,Southern Scotland,07:00 16-01-2020,11.6
735,18,Southern Scotland,07:30 16-01-2020,11.6
736,18,Southern Scotland,08:00 16-01-2020,11.6
737,18,Southern Scotland,08:30 16-01-2020,11.6
738,18,Southern Scotland,09:00 16-01-2020,11.6
739,18,Southern Scotland,09:30 16-01-2020,11.6
740,18,Southern Scotland,10:00 16-01-2020,11.6
741,18,Southern Scotland,10:30 16-01-2020,11.6
742,18,Southern Scotland,11:00 16-01-2020,11.6
743,18,Southern Scotland,11:30 16-01-2020,11.6
744,18,Southern Scotland,12:00 16-01-2020,11.6
745,18,Southern Scotland,12:30 16-01-2020,11.6
746,18,Southern Scotland,13:00 16-01-2020,11.6
747,18,Southern Scotland,13:30 16-01-2020,11.6
748,18,Southern Scotland,14:00 16-01-2020,11.6
749,18,Southern Scotland,14:30 16-01-2020,11.6
750,18,Southern Scotland,15:00 16-01-2020,11.6
751,18,Southern Scotland,15:30 16-01-2020,11.6
752,18,Southern Scotland,16:00 16-01-2020,26.61
753,18,Southern Scotland,16:30 16-01-2020,26.61
754,18,Southern Scotland,17:00 16-01-2020,26.61
755,18,Southern Scotland,17:30 16-01-2020,26.61
756,18,Southern Scotland,18:00 16-01-2020,26.61
757,18,Southern Scotland,18:30 16-01-2020,26.61
758,18,Southern Scotland,19:00 16-01-2020,11.15
759,18,Southern Scotland,19:30 16-01-2020,11.15
760,18,Southern Scotland,20:00 16-01-2020,11.15
761,18,Southern Scotland,20:30 16-01-2020,11.15
762,18,Southern Scotland,21:00 16-01-2020,11.15
763,18,Southern Scotland,21:30 16-01-2020,11.15
764,18,Southern Scotland,22:00 16-01-2020,11.15
765,18,Southern Scotland,22:30 16-01-2020,11.15
766,18,Southern Scotland,23:00 16-01-2020,11.1
767,18,Southern Scotland,23:30 16-01-2020,11.1
768,18,Southern Scotland,00:00 17-01-2020,11.28
769,18,Southern Scotland,00:30 17-01-2020,11.28
770,18,Southern Scotland,01:00 17-01-2020,11.28
771,18,Southern Scotland,01:30 17-01-2020,11.28
772,18,Southern Scotland,02:00 17-01-2020,11.28
773,18,Southern Scotland,02:30 17-01-2020,11.28
774,18,Southern Scotland,03:00 17-01-2020,11.28
775,18,Southern Scotland,03:30 17-01-2020,11.28
776,18,Southern Scotland,04:00 17-01-2020,11.28
777,18,Southern Scotland,04:30 17-01-2020,11.28
778,18,Southern Scotland,05:00 17-01-2020,11.28
779,18,Southern Scotland,05:30 17-01-2020,11.28
780,18,Southern Scotland,06:00 17-01-2020,11.28
781,18,Southern Scotland,06:30 17-01-2020,11.28
782,18,Southern Scotland,07:00 17-01-2020,11.77
783,18,Southern Scotland,07:30 17-01-2020,11.77
784,18,Southern Scotland,08:00 17-01-2020,11.77
785,18,Southern Scotland,08:30 17-01-2020,11.77
786,18,Southern Scotland,09:00 17-01-2020,11.77
787,18,Southern Scotland,09:30 17-01-2020,11.77
788,18,Southern Scotland,10:00 17-01-2020,11.77
789,18,Southern Scotland,10:30 17-01-2020,11.77
790,18,Southern Scotland,11:00 17-01-2020,11.77
791,18,Southern Scotland,11:30 17-01-2020,11.77
792,18,Southern Scotland,12:00 17-01-2020,11.77
793,18,Southern Scotland,12:30 17-01-2020,11.77
794,18,Southern Scotland,13:00 17-01-2020,11.77
795,18,Southern Scotland,13:30 17-01-2020,11.77
796,18,Southern Scotland,14:00 17-01-2020,11.77
797,18,Southern Scotland,14:30 17-01-2020,11.77
798,18,Southern Scotland,15:00 17-01-2020,11.77
799,18,Southern Scotland,15:30 17-01-2020,11.77
800,18,Southern Scotland,16:00 17-01-2020,26.78
801,18,Southern Scotland,16:30 17-01-2020,26.78
802,18,Southern Scotland,17:00 17-01-2020,26.78
803,18,Southern Scotland,17:30 17-01-2020,26.78
804,18,Southern Scotland,18:00 17-01-2020,26.78
805,18,Southern Scotland,18:30 17-01-2020,26.78
806,18,Southern Scotland,19:00 17-01-2020,11.32
807,18,Southern Scotland,19:30 17-01-2020,11.32
808,18,Southern Scotland,20:00 17-01-2020,11.32
809,18,Southern Scotland,20:30 17-01-2020,11.32
810,18,Southern Scotland,21:00 17-01-2020,11.32
811,18,Southern Scotland,21:30 17-01-2020,11.32
812,18,Southern Scotland,22:00 17-01-2020,11.32
813,18,Southern Scotland,22:30 17-01-2020,11.32
814,18,Southern Scotland,23:00 17-01-2020,11.28
815,18,Southern Scotland,23:30 17-01-2020,11.28
816,18,Southern Scotland,00:00 18-01-2020,11.34
817,18,Southern Scotland,00:30 18-01-2020,11.34
818,18,Southern Scotland,01:00 18-01-2020,11.34
819,18,Southern Scotland,01:30 18-01-2020,11.34
820,18,Southern Scotland,02:00 18-01-2020,11.34
821,18,Southern Scotland,02:30 18-01-2020,11.34
822,18,Southern Scotland,03:00 18-01-2020,11.34
823,18,Southern Scotland,03:30 18-01-2020,11.34
824,18,Southern Scotland,04:00 18-01-2020,11.34
825,18,Southern Scotland,04:30 18-01-2020,11.34
826,18,Southern Scotland,05:00 18-01-2020,11.34
827,18,Southern Scotland,05:30 18-01-2020,11.34
828,18,Southern Scotland,06:00 18-01-2020,11.34
829,18,Southern Scotland,06:30 18-01-2020,11.34
830,18,Southern Scotland,07:00 18-01-2020,11.8
831,18,Southern Scotland,07:30 18-01-2020,11.8
832,18,Southern Scotland,08:00 18-01-2020,11.8
833,18,Southern Scotland,08:30 18-01-2020,11.8
834,18,Southern Scotland,09:00 18-01-2020,11.8
835,18,Southern Scotland,09:30 18-01-2020,11.8
836,18,Southern Scotland,10:00 18-01-2020,11.8
837,18,Southern Scotland,10:30 18-01-2020,11.8
838,18,Southern Scotland,11:00 18-01-2020,11.8
839,18,Southern Scotland,11:30 18-01-2020,11.8
840,18,Southern Scotland,12:00 18-01-2020,11.8
841,18,Southern Scotland,12:30 18-01-2020,11.8
842,18,Southern Scotland,13:00 18-01-2020,11.8
843,18,Southern Scotland,13:30 18-01-2020,11.8
844,18,Southern Scotland,14:00 18-01-2020,11.8
845,18,Southern Scotland,14:30 18-01-2020,11.8
846,18,Southern Scotland,15:00 18-01-2020,11.8
847,18,Southern Scotland,15:30 18-01-2020,11.8
848,18,Southern Scotland,16:00 18-01-2020,11.8
849,18,Southern Scotland,16:30 18-01-2020,11.8
850,18,Southern Scotland,17:00 18-01-2020,11.8
851,18,Southern Scotland,17:30 18-01-2020,11.8
852,18,Southern Scotland,18:00 18-01-2020,11.8
853,18,Southern Scotland,18:30 18-01-2020,11.8
854,18,Southern Scotland,19:00 18-01-2020,11.34
855,18,Southern Scotland,19:30 18-01-2020,11.34
856,18,Southern Scotland,20:00 18-01-2020,11.34
857,18,Southern Scotland,20:30 18-01-2020,11.34
858,18,Southern Scotland,21:00 18-01-2020,11.34
859,18,Southern Scotland,21:30 18-01-2020,11.34
860,18,Southern Scotland,22:00 18-01-2020,11.34
861,18,Southern Scotland,22:30 18-01-2020,11.34
862,18,Southern Scotland,23:00 18-01-2020,11.34
863,18,Southern Scotland,23:30 18-01-2020,11.34
864,18,Southern Scotland,00:00 19-01-2020,11.71
865,18,Southern Scotland,00:30 19-01-2020,11.71
866,18,Southern Scotland,01:00 19-01-2020,11.71
867,18,Southern Scotland,01:30 19-01-2020,11.71
868,18,Southern Scotland,02:00 19-01-2020,11.71
869,18,Southern Scotland,02:30 19-01-2020,11.71
870,18,Southern Scotland,03:00 19-01-2020,11.71
871,18,Southern Scotland,03:30 19-01-2020,11.71
872,18,Southern Scotland,04:00 19-01-2020,11.71
873,18,Southern Scotland,04:30 19-01-2020,11.71
874,18,Southern Scotland,05:00 19-01-2020,11.71
875,18,Southern Scotland,05:30 19-01-2020,11.71
876,18,Southern Scotland,06:00 19-01-2020,11.71
877,18,Southern Scotland,06:30 19-01-2020,11.71
878,18,Southern Scotland,07:00 19-01-2020,12.38
879,18,Southern Scotland,07:30 19-01-2020,12.38
880,18,Southern Scotland,08:00 19-01-2020,12.38
881,18,Southern Scotland,08:30 19-01-2020,12.38
882,18,Southern Scotland,09:00 19-01-2020,12.38
883,18,Southern Scotland,09:30 19-01-2020,12.38
884,18,Southern Scotland,10:00 19-01-2020,12.38
885,18,Southern Scotland,10:30 19-01-2020,12.38
886,18,Southern Scotland,11:00 19-01-2020,12.38
887,18,Southern Scotland,11:30 19-01-2020,12.38
888,18,Southern Scotland,12:00 19-01-2020,12.38
889,18,Southern Scotland,12:30 19-01-2020,12.38
890,18,Southern Scotland,13:00 19-01-2020,12.38
891,18,Southern Scotland,13:30 19-01-2020,12.38
892,18,Southern Scotland,14:00 19-01-2020,12.38
893,18,Southern Scotland,14:30 19-01-2020,12.38
894,18,Southern Scotland,15:00 19-01-2020,12.38
895,18,Southern Scotland,15:30 19-01-2020,12.38
896,18,Southern Scotland,16:00 19-01-2020,12.38
897,18,Southern Scotland,16:30 19-01-2020,12.38
898,18,Southern Scotland,17:00 19-01-2020,12.38
899,18,Southern Scotland,17:30 19-01-2020,12.38
900,18,Southern Scotland,18:00 19-01-2020,12.38
901,18,Southern Scotland,18:30 19-01-2020,12.38
902,18,Southern Scotland,19:00 19-01-2020,11.71
903,18,Southern Scotland,19:30 19-01-2020,11.71
904,18,Southern Scotland,20:00 19-01-2020,11.71
905,18,Southern Scotland,20:30 19-01-2020,11.71
906,18,Southern Scotland,21:00 19-01-2020,11.71
907,18,Southern Scotland,21:30 19-01-2020,11.71
908,18,Southern Scotland,22:00 19-01-2020,11.71
909,18,Southern Scotland,22:30 19-01-2020,11.71
910,18,Southern Scotland,23:00 19-01-2020,11.71
911,18,Southern Scotland,23:30 19-01-2020,11.71
912,18,Southern Scotland,00:00 20-01-2020,11.35
913,18,Southern Scotland,00:30 20-01-2020,11.35
914,18,Southern Scotland,01:00 20-01-2020,11.35
915,18,Southern Scotland,01:30 20-01-2020,11.35
916,18,Southern Scotland,02:00 20-01-2020,11.35
917,18,Southern Scotland,02:30 20-01-2020,11.35
918,18,Southern Scotland,03:00 20-01-2020,11.35
919,18,Southern Scotland,03:30 20-01-2020,11.35
920,18,Southern Scotland,04:00 20-01-2020,11.35
921,18,Southern Scotland,04:30 20-01-2020,11.35
922,18,Southern Scotland,05:00 20-01-2020,11.35
923,18,Southern Scotland,05:30 20-01-2020,11.35
924,18,Southern Scotland,06:00 20-01-2020,11.35
925,18,Southern Scotland,06:30 20-01-2020,11.35
926,18,Southern Scotland,07:00 20-01-2020,11.66
927,18,Southern Scotland,07:30 20-01-2020,11.66
928,18,Southern Scotland,08:00 20-01-2020,11.66
929,18,Southern Scotland,08:30 20-01-2020,11.66
930,18,Southern Scotland,09:00 20-01-2020,11.66
931,18,Southern Scotland,09:30 20-01-2020,11.66
932,18,Southern Scotland,10:00 20-01-2020,11.66
933,18,Southern Scotland,10:30 20-01-2020,11.66
934,18,Southern Scotland,11:00 20-01-2020,11.66
935,18,Southern Scotland,11:30 20-01-2020,11.66
936,18,Southern Scotland,12:00 20-01-2020,11.66
937,18,Southern Scotland,12:30 20-01-2020,11.66
938,18,Southern Scotland,13:00 20-01-2020,11.66
939,18,Southern Scotland,13:30 20-01-2020,11.66
940,18,Southern Scotland,14:00 20-01-2020,11.66
941,18,Southern Scotland,14:30 20-01-2020,11.66
942,18,Southern Scotland,15:00 20-01-2020,11.66
943,18,Southern Scotland,15:30 20-01-2020,11.66
944,18,Southern Scotland,16:00 20-01-2020,26.67
945,18,Southern Scotland,16:30 20-01-2020,26.67
946,18,Southern Scotland,17:00 20-01-2020,26.67
947,18,Southern Scotland,17:30 20-01-2020,26.67
948,18,Southern Scotland,18:00 20-01-2020,26.67
949,18,Southern Scotland,18:30 20-01-2020,26.67
950,18,Southern Scotland,19:00 20-01-2020,11.4
951,18,Southern Scotland,19:30 20-01-2020,11.4
952,18,Southern Scotland,20:00 20-01-2020,11.4
953,18,Southern Scotland,20:30 20-01-2020,11.4
954,18,Southern Scotland,21:00 20-01-2020,11.4
955,18,Southern Scotland,21:30 20-01-2020,11.4
956,18,Southern Scotland,22:00 20-01-2020,11.4
957,18,Southern Scotland,22:30 20-01-2020,11.4
958,18,Southern Scotland,23:00 20-01-2020,11.35
959,18,Southern Scotland,23:30 20-01-2020,11.35
960,18,Southern Scotland,00:00 21-01-2020,11.33
961,18,Southern Scotland,00:30 21-01-2020,11.33
962,18,Southern Scotland,01:00 21-01-2020,11.33
963,18,Southern Scotland,01:30 21-01-2020,11.33
964,18,Southern Scotland,02:00 21-01-2020,11.33
965,18,Southern Scotland,02:30 21-01-2020,11.33
966,18,Southern Scotland,03:00 21-01-2020,11.33
967,18,Southern Scotland,03:30 21-01-2020,11.33
968,18,Southern Scotland,04:00 21-01-2020,11.33
969,18,Southern Scotland,04:30 21-01-2020,11.33
970,18,Southern Scotland,05:00 21-01-2020,11.33
971,18,Southern Scotland,05:30 21-01-2020,11.33
972,18,Southern Scotland,06:00 21-01-2020,11.33
973,18,Southern Scotland,06:30 21-01-2020,11.33
974,18,Southern Scotland,07:00 21-01-2020,11.88
975,18,Southern Scotland,07:30 21-01-2020,11.88
976,18,Southern Scotland,08:00 21-01-2020,11.88
977,18,Southern Scotland,08:30 21-01-2020,11.88
978,18,Southern Scotland,09:00 21-01-2020,11.88
979,18,Southern Scotland,09:30 21-01-2020,11.88
980,18,Southern Scotland,10:00 21-01-2020,11.88
981,18,Southern Scotland,10:30 21-01-2020,11.88
982,18,Southern Scotland,11:00 21-01-2020,11.88
983,18,Southern Scotland,11:30 21-01-2020,11.88
984,18,Southern Scotland,12:00 21-01-2020,11.88
985,18,Southern Scotland,12:30 21-01-2020,11.88
986,18,Southern Scotland,13:00 21-01-2020,11.88
987,18,Southern Scotland,13:30 21-01-2020,11.88
988,18,Southern Scotland,14:00 21-01-2020,11.88
989,18,Southern Scotland,14:30 21-01-2020,11.88
990,18,Southern Scotland,15:00 21-01-2020,11.88
991,18,Southern Scotland,15:30 21-01-2020,11.88
992,18,Southern Scotland,16:00 21-01-2020,26.89
993,18,Southern Scotland,16:30 21-01-2020,26.89
994,18,Southern Scotland,17:00 21-01-2020,26.89
995,18,Southern Scotland,17:30 21-01-2020,26.89
996,18,Southern Scotland,18:00 21-01-2020,26.89
997,18,Southern Scotland,18:30 21-01-2020,26.89
998,18,Southern Scotland,19:00 21-01-2020,11.37
999,18,Southern Scotland,19:30 21-01-2020,11.37
1000,18,Southern Scotland,20:00 21-01-2020,11.37
1001,18,Southern Scotland,20:30 21-01-2020,11.37
1002,18,Southern Scotland,21:00 21-01-2020,11.37
1003,18,Southern Scotland,21:30 21-01-2020,11.37
1004,18,Southern Scotland,22:00 21-01-2020,11.37
1005,18,Southern Scotland,22:30 21-01-2020,11.37
1006,18,Southern Scotland,23:00 21-01-2020,11.33
1007,18,Southern Scotland,23:30 21-01-2020,11.33
1008,18,Southern Scotland,00:00 22-01-2020,11.51
1009,18,Southern Scotland,00:30 22-01-2020,11.51
1010,18,Southern Scotland,01:00 22-01-2020,11.51
1011,18,Southern Scotland,01:30 22-01-2020,11.51
1012,18,Southern Scotland,02:00 22-01-2020,11.51
1013,18,Southern Scotland,02:30 22-01-2020,11.51
1014,18,Southern Scotland,03:00 22-01-2020,11.51
1015,18,Southern Scotland,03:30 22-01-2020,11.51
1016,18,Southern Scotland,04:00 22-01-2020,11.51
1017,18,Southern Scotland,04:30 22-01-2020,11.51
1018,18,Southern Scotland,05:00 22-01-2020,11.51
1019,18,Southern Scotland,05:30 22-01-2020,11.51
1020,18,Southern Scotland,06:00 22-01-2020,11.51
1021,18,Southern Scotland,06:30 22-01-2020,11.51
1022,18,Southern Scotland,07:00 22-01-2020,12.31
1023,18,Southern Scotland,07:30 22-01-2020,12.31
1024,18,Southern Scotland,08:00 22-01-2020,12.31
1025,18,Southern Scotland,08:30 22-01-2020,12.31
1026,18,Southern Scotland,09:00 22-01-2020,12.31
1027,18,Southern Scotland,09:30 22-01-2020,12.31
1028,18,Southern Scotland,10:00 22-01-2020,12.31
1029,18,Southern Scotland,10:30 22-01-2020,12.31
1030,18,Southern Scotland,11:00 22-01-2020,12.31
1031,18,Southern Scotland,11:30 22-01-2020,12.31
1032,18,Southern Scotland,12:00 22-01-2020,12.31
1033,18,Southern Scotland,12:30 22-01-2020,12.31
1034,18,Southern Scotland,13:00 22-01-2020,12.31
1035,18,Southern Scotland,13:30 22-01-2020,12.31
1036,18,Southern Scotland,14:00 22-01-2020,12.31
1037,18,Southern Scotland,14:30 22-01-2020,12.31
1038,18,Southern Scotland,15:00 22-01-2020,12.31
1039,18,Southern Scotland,15:30 22-01-2020,12.31
1040,18,Southern Scotland,16:00 22-01-2020,27.32
1041,18,Southern Scotland,16:30 22-01-2020,27.32
1042,18,Southern Scotland,17:00 22-01-2020,27.32
1043,18,Southern Scotland,17:30 22-01-2020,27.32
1044,18,Southern Scotland,18:00 22-01-2020,27.32
1045,18,Southern Scotland,18:30 22-01-2020,27.32
1046,18,Southern Scotland,19:00 22-01-2020,11.55
1047,18,Southern Scotland,19:30 22-01-2020,11.55
1048,18,Southern Scotland,20:00 22-01-2020,11.55
1049,18,Southern Scotland,20:30 22-01-2020,11.55
1050,18,Southern Scotland,21:00 22-01-2020,11.55
1051,18,Southern Scotland,21:30 22-01-2020,11.55
1052,18,Southern Scotland,22:00 22-01-2020,11.55
1053,18,Southern Scotland,22:30 22-01-2020,11.55
1054,18,Southern Scotland,23:00 22-01-2020,11.51
1055,18,Southern Scotland,23:30 22-01-2020,11.51
1056,18,Southern Scotland,00:00 23-01-2020,12.04
1057,18,Southern Scotland,00:30 23-01-2020,12.04
1058,18,Southern Scotland,01:00 23-01-2020,12.04
1059,18,Southern Scotland,01:30 23-01-2020,12.04
1060,18,Southern Scotland,02:00 23-01-2020,12.04
1061,18,Southern Scotland,02:30 23-01-2020,12.04
1062,18,Southern Scotland,03:00 23-01-2020,12.04
1063,18,Southern Scotland,03:30 23-01-2020,12.04
1064,18,Southern Scotland,04:00 23-01-2020,12.04
1065,18,Southern Scotland,04:30 23-01-2020,12.04
1066,18,Southern Scotland,05:00 23-01-2020,12.04
1067,18,Southern Scotland,05:30 23-01-2020,12.04
1068,18,Southern Scotland,06:00 23-01-2020,12.04
1069,18,Southern Scotland,06:30 23-01-2020,12.04
1070,18,Southern Scotland,07:00 23-01-2020,13.09
1071,18,Southern Scotland,07:30 23-01-2020,13.09
1072,18,Southern Scotland,08:00 23-01-2020,13.09
1073,18,Southern Scotland,08:30 23-01-2020,13.09
1074,18,Southern Scotland,09:00 23-01-2020,13.09
1075,18,Southern Scotland,09:30 23-01-2020,13.09
1076,18,Southern Scotland,10:00 23-01-2020,13.09
1077,18,Southern Scotland,10:30 23-01-2020,13.09
1078,18,Southern Scotland,11:00 23-01-2020,13.09
1079,18,Southern Scotland,11:30 23-01-2020,13.09
1080,18,Southern Scotland,12:00 23-01-2020,13.09
1081,18,Southern Scotland,12:30 23-01-2020,13.09
1082,18,Southern Scotland,13:00 23-01-2020,13.09
1083,18,Southern Scotland,13:30 23-01-2020,13.09
1084,18,Southern Scotland,14:00 23-01-2020,13.09
1085,18,Southern Scotland,14:30 23-01-2020,13.09
1086,18,Southern Scotland,15:00 23-01-2020,13.09
1087,18,Southern Scotland,15:30 23-01-2020,13.09
1088,18,Southern Scotland,16:00 23-01-2020,28.11
1089,18,Southern Scotland,16:30 23-01-2020,28.11
1090,18,Southern Scotland,17:00 23-01-2020,28.11
1091,18,Southern Scotland,17:30 23-01-2020,28.11
1092,18,Southern Scotland,18:00 23-01-2020,28.11
1093,18,Southern Scotland,18:30 23-01-2020,28.11
1094,18,Southern Scotland,19:00 23-01-2020,12.09
1095,18,Southern Scotland,19:30 23-01-2020,12.09
1096,18,Southern Scotland,20:00 23-01-2020,12.09
1097,18,Southern Scotland,20:30 23-01-2020,12.09
1098,18,Southern Scotland,21:00 23-01-2020,12.09
1099,18,Southern Scotland,21:30 23-01-2020,12.09
1100,18,Southern Scotland,22:00 23-01-2020,12.09
1101,18,Southern Scotland,22:30 23-01-2020,12.09
1102,18,Southern Scotland,23:00 23-01-2020,12.04
1103,18,Southern Scotland,23:30 23-01-2020,12.04
1104,18,Southern Scotland,00:00 24-01-2020,12.76
1105,18,Southern Scotland,00:30 24-01-2020,12.76
1106,18,Southern Scotland,01:00 24-01-2020,12.76
1107,18,Southern Scotland,01:30 24-01-2020,12.76
1108,18,Southern Scotland,02:00 24-01-2020,12.76
1109,18,Southern Scotland,02:30 24-01-2020,12.76
1110,18,Southern Scotland,03:00 24-01-2020,12.76
1111,18,Southern Scotland,03:30 24-01-2020,12.76
1112,18,Southern Scotland,04:00 24-01-2020,12.76
1113,18,Southern Scotland,04:30 24-01-2020,12.76
1114,18,Southern Scotland,05:00 24-01-2020,12.76
1115,18,Southern Scotland,05:30 24-01-2020,12.76
1116,18,Southern Scotland,06:00 24-01-2020,12.76
1117,18,Southern Scotland,06:30 24-01-2020,12.76
1118,18,Southern Scotland,07:00 24-01-2020,14.37
1119,18,Southern Scotland,07:30 24-01-2020,14.37
1120,18,Southern Scotland,08:00 24-01-2020,14.37
1121,18,Southern Scotland,08:30 24-01-2020,14.37
1122,18,Southern Scotland,09:00 24-01-2020,14.37
1123,18,Southern Scotland,09:30 24-01-2020,14.37
1124,18,Southern Scotland,10:00 24-01-2020,14.37
1125,18,Southern Scotland,10:30 24-01-2020,14.37
1126,18,Southern Scotland,11:00 24-01-2020,14.37
1127,18,Southern Scotland,11:30 24-01-2020,14.37
1128,18,Southern Scotland,12:00 24-01-2020,14.37
1129,18,Southern Scotland,12:30 24-01-2020,14.37
1130,18,Southern Scotland,13:00 24-01-2020,14.37
1131,18,Southern Scotland,13:30 24-01-2020,14.37
1132,18,Southern Scotland,14:00 24-01-2020,14.37
1133,18,Southern Scotland,14:30 24-01-2020,14.37
1134,18,Southern Scotland,15:00 24-01-2020,14.37
1135,18,Southern Scotland,15:30 24-01-2020,14.37
1136,18,Southern Scotland,16:00 24-01-2020,29.38
1137,18,Southern Scotland,16:30 24-01-2020,29.38
1138,18,Southern Scotland,17:00 24-01-2020,29.38
1139,18,Southern Scotland,17:30 24-01-2020,29.38
1140,18,Southern Scotland,18:00 24-01-2020,29.38
1141,18,Southern Scotland,18:30 24-01-2020,29.38
1142,18,Southern Scotland,19:00 24-01-2020,12.8
1143,18,Southern Scotland,19:30 24-01-2020,12.8
1144,18,Southern Scotland,20:00 24-01-2020,12.8
1145,18,Southern Scotland,20:30 24-01-2020,12.8
1146,18,Southern Scotland,21:00 24-01-2020,12.8
1147,18,Southern Scotland,21:30 24-01-2020,12.8
1148,18,Southern Scotland,22:00 24-01-2020,12.8
1149,18,Southern Scotland,22:30 24-01-2020,12.8
1150,18,Southern Scotland,23:00 24-01-2020,12.76
1151,18,Southern Scotland,23:30 24-01-2020,12.76
1152,18,Southern Scotland,00:00 25-01-2020,11.13
1153,18,Southern Scotland,00:30 25-01-2020,11.13
1154,18,Southern Scotland,01:00 25-01-2020,11.13
1155,18,Southern Scotland,01:30 25-01-2020,11.13
1156,18,Southern Scotland,02:00 25-01-2020,11.13
1157,18,Southern Scotland,02:30 25-01-2020,11.13
1158,18,Southern Scotland,03:00 25-01-2020,11.13
1159,18,Southern Scotland,03:30 25-01-2020,11.13
1160,18,Southern Scotland,04:00 25-01-2020,11.13
1161,18,Southern Scotland,04:30 25-01-2020,11.13
1162,18,Southern Scotland,05:00 25-01-2020,11.13
1163,18,Southern Scotland,05:30 25-01-2020,11.13
1164,18,Southern Scotland,06:00 25-01-2020,11.13
1165,18,Southern Scotland,06:30 25-01-2020,11.13
1166,18,Southern Scotland,07:00 25-01-2020,11.55
1167,18,Southern Scotland,07:30 25-01-2020,11.55
1168,18,Southern Scotland,08:00 25-01-2020,11.55
1169,18,Southern Scotland,08:30 25-01-2020,11.55
1170,18,Southern Scotland,09:00 25-01-2020,11.55
1171,18,Southern Scotland,09:30 25-01-2020,11.55
1172,18,Southern Scotland,10:00 25-01-2020,11.55
1173,18,Southern Scotland,10:30 25-01-2020,11.55
1174,18,Southern Scotland,11:00 25-01-2020,11.55
1175,18,Southern Scotland,11:30 25-01-2020,11.55
1176,18,Southern Scotland,12:00 25-01-2020,11.55
1177,18,Southern Scotland,12:30 25-01-2020,11.55
1178,18,Southern Scotland,13:00 25-01-2020,11.55
1179,18,Southern Scotland,13:30 25-01-2020,11.55
1180,18,Southern Scotland,14:00 25-01-2020,11.55
1181,18,Southern Scotland,14:30 25-01-2020,11.55
1182,18,Southern Scotland,15:00 25-01-2020,11.55
1183,18,Southern Scotland,15:30 25-01-2020,11.55
1184,18,Southern Scotland,16:00 25-01-2020,11.55
1185,18,Southern Scotland,16:30 25-01-2020,11.55
1186,18,Southern Scotland,17:00 25-01-2020,11.55
1187,18,Southern Scotland,17:30 25-01-2020,11.55
1188,18,Southern Scotland,18:00 25-01-2020,11.55
1189,18,Southern Scotland,18:30 25-01-2020,11.55
1190,18,Southern Scotland,19:00 25-01-2020,11.13
1191,18,Southern Scotland,19:30 25-01-2020,11.13
1192,18,Southern Scotland,20:00 25-01-2020,11.13
1193,18,Southern Scotland,20:30 25-01-2020,11.13
1194,18,Southern Scotland,21:00 25-01-2020,11.13
1195,18,Southern Scotland,21:30 25-01-2020,11.13
1196,18,Southern Scotland,22:00 25-01-2020,11.13
1197,18,Southern Scotland,22:30 25-01-2020,11.13
1198,18,Southern Scotland,23:00 25-01-2020,11.13
1199,18,Southern Scotland,23:30 25-01-2020,11.13
1200,18,Southern Scotland,00:00 26-01-2020,10.63
1201,18,Southern Scotland,00:30 26-01-2020,10.63
1202,18,Southern Scotland,01:00 26-01-2020,10.63
1203,18,Southern Scotland,01:30 26-01-2020,10.63
1204,18,Southern Scotland,02:00 26-01-2020,10.63
1205,18,Southern Scotland,02:30 26-01-2020,10.63
1206,18,Southern Scotland,03:00 26-01-2020,10.63
1207,18,Southern Scotland,03:30 26-01-2020,10.63
1208,18,Southern Scotland,04:00 26-01-2020,10.63
1209,18,Southern Scotland,04:30 26-01-2020,10.63
1210,18,Southern Scotland,05:00 26-01-2020,10.63
1211,18,Southern Scotland,05:30 26-01-2020,10.63
1212,18,Southern Scotland,06:00 26-01-2020,10.63
1213,18,Southern Scotland,06:30 26-01-2020,10.63
1214,18,Southern Scotland,07:00 26-01-2020,10.95
1215,18,Southern Scotland,07:30 26-01-2020,10.95
1216,18,Southern Scotland,08:00 26-01-2020,10.95
1217,18,Southern Scotland,08:30 26-01-2020,10.95
1218,18,Southern Scotland,09:00 26-01-2020,10.95
1219,18,Southern Scotland,09:30 26-01-2020,10.95
1220,18,Southern Scotland,10:00 26-01-2020,10.95
1221,18,Southern Scotland,10:30 26-01-2020,10.95
1222,18,Southern Scotland,11:00 26-01-2020,10.95
1223,18,Southern Scotland,11:30 26-01-2020,10.95
1224,18,Southern Scotland,12:00 26-01-2020,10.95
1225,18,Southern Scotland,12:30 26-01-2020,10.95
1226,18,Southern Scotland,13:00 26-01-2020,10.95
1227,18,Southern Scotland,13:30 26-01-2020,10.95
1228,18,Southern Scotland,14:00 26-01-2020,10.95
1229,18,Southern Scotland,14:30 26-01-2020,10.95
1230,18,Southern Scotland,15:00 26-01-2020,10.95
1231,18,Southern Scotland,15:30 26-01-2020,10.95
1232,18,Southern Scotland,16:00 26-01-2020,10.95
1233,18,Southern Scotland,16:30 26-01-2020,10.95
1234,18,Southern Scotland,17:00 26-01-2020,10.95
1235,18,Southern Scotland,17:30 26-01-2020,10.95
1236,18,Southern Scotland,18:00 26-01-2020,10.95
1237,18,Southern Scotland,18:30 26-01-2020,10.95
1238,18,Southern Scotland,19:00 26-01-2020,10.63
1239,18,Southern Scotland,19:30 26-01-2020,10.63
1240,18,Southern Scotland,20:00 26-01-2020,10.63
1241,18,Southern Scotland,20:30 26-01-2020,10.63
1242,18,Southern Scotland,21:00 26-01-2020,10.63
1243,18,Southern Scotland,21:30 26-01-2020,10.63
1244,18,Southern Scotland,22:00 26-01-2020,10.63
1245,18,Southern Scotland,22:30 26-01-2020,10.63
1246,18,Southern Scotland,23:00 26-01-2020,10.63
1247,18,Southern Scotland,23:30 26-01-2020,10.63
1248,18,Southern Scotland,00:00 27-01-2020,10.02
1249,18,Southern Scotland,00:30 27-01-2020,10.02
1250,18,Southern Scotland,01:00 27-01-2020,10.02
1251,18,Southern Scotland,01:30 27-01-2020,10.02
1252,18,Southern Scotland,02:00 27-01-2020,10.02
1253,18,Southern Scotland,02:30 27-01-2020,10.02
1254,18,Southern Scotland,03:00 27-01-2020,10.02
1255,18,Southern Scotland,03:30 27-01-2020,10.02
1256,18,Southern Scotland,04:00 27-01-2020,10.02
1257,18,Southern Scotland,04:30 27-01-2020,10.02
1258,18,Southern Scotland,05:00 27-01-2020,10.02
1259,18,Southern Scotland,05:30 27-01-2020,10.02
1260,18,Southern Scotland,06:00 27-01-2020,10.02
1261,18,Southern Scotland,06:30 27-01-2020,10.02
1262,18,Southern Scotland,07:00 27-01-2020,10.62
1263,18,Southern Scotland,07:30 27-01-2020,10.62
1264,18,Southern Scotland,08:00 27-01-2020,10.62
1265,18,Southern Scotland,08:30 27-01-2020,10.62
1266,18,Southern Scotland,09:00 27-01-2020,10.62
1267,18,Southern Scotland,09:30 27-01-2020,10.62
1268,18,Southern Scotland,10:00 27-01-2020,10.62
1269,18,Southern Scotland,10:30 27-01-2020,10.62
1270,18,Southern Scotland,11:00 27-01-2020,10.62
1271,18,Southern Scotland,11:30 27-01-2020,10.62
1272,18,Southern Scotland,12:00 27-01-2020,10.62
1273,18,Southern Scotland,12:30 27-01-2020,10.62
1274,18,Southern Scotland,13:00 27-01-2020,10.62
1275,18,Southern Scotland,13:30 27-01-2020,10.62
1276,18,Southern Scotland,14:00 27-01-2020,10.62
1277,18,Southern Scotland,14:30 27-01-2020,10.62
1278,18,Southern Scotland,15:00 27-01-2020,10.62
1279,18,Southern Scotland,15:30 27-01-2020,10.62
1280,18,Southern Scotland,16:00 27-01-2020,25.64
1281,18,Southern Scotland,16:30 27-01-2020,25.64
1282,18,Southern Scotland,17:00 27-01-2020,25.64
1283,18,Southern Scotland,17:30 27-01-2020,25.64
1284,18,Southern Scotland,18:00 27-01-2020,25.64
1285,18,Southern Scotland,18:30 27-01-2020,25.64
1286,18,Southern Scotland,19:00 27-01-2020,10.07
1287,18,Southern Scotland,19:30 27-01-2020,10.07
1288,18,Southern Scotland,20:00 27-01-2020,10.07
1289,18,Southern Scotland,20:30 27-01-2020,10.07
1290,18,Southern Scotland,21:00 27-01-2020,10.07
1291,18,Southern Scotland,21:30 27-01-2020,10.07
1292,18,Southern Scotland,22:00 27-01-2020,10.07
1293,18,Southern Scotland,22:30 27-01-2020,10.07
1294,18,Southern Scotland,23:00 27-01-2020,10.02
1295,18,Southern Scotland,23:30 27-01-2020,10.02
1296,18,Southern Scotland,00:00 28-01-2020,11.13
1297,18,Southern Scotland,00:30 28-01-2020,11.13
1298,18,Southern Scotland,01:00 28-01-2020,11.13
1299,18,Southern Scotland,01:30 28-01-2020,11.13
1300,18,Southern Scotland,02:00 28-01-2020,11.13
1301,18,Southern Scotland,02:30 28-01-2020,11.13
1302,18,Southern Scotland,03:00 28-01-2020,11.13
1303,18,Southern Scotland,03:30 28-01-2020,11.13
1304,18,Southern Scotland,04:00 28-01-2020,11.13
1305,18,Southern Scotland,04:30 28-01-2020,11.13
1306,18,Southern Scotland,05:00 28-01-2020,11.13
1307,18,Southern Scotland,05:30 28-01-2020,11.13
1308,18,Southern Scotland,06:00 28-01-2020,11.13
1309,18,Southern Scotland,06:30 28-01-2020,11.13
1310,18,Southern Scotland,07:00 28-01-2020,11.75
1311,18,Southern Scotland,07:30 28-01-2020,11.75
1312,18,Southern Scotland,08:00 28-01-2020,11.75
1313,18,Southern Scotland,08:30 28-01-2020,11.75
1314,18,Southern Scotland,09:00 28-01-2020,11.75
1315,18,Southern Scotland,09:30 28-01-2020,11.75
1316,18,Southern Scotland,10:00 28-01-2020,11.75
1317,18,Southern Scotland,10:30 28-01-2020,11.75
1318,18,Southern Scotland,11:00 28-01-2020,11.75
1319,18,Southern Scotland,11:30 28-01-2020,11.75
1320,18,Southern Scotland,12:00 28-01-2020,11.75
1321,18,Southern Scotland,12:30 28-01-2020,11.75
1322,18,Southern Scotland,13:00 28-01-2020,11.75
1323,18,Southern Scotland,13:30 28-01-2020,11.75
1324,18,Southern Scotland,14:00 28-01-2020,11.75
1325,18,Southern Scotland,14:30 28-01-2020,11.75
1326,18,Southern Scotland,15:00 28-01-2020,11.75
1327,18,Southern Scotland,15:30 28-01-2020,11.75
1328,18,Southern Scotland,16:00 28-01-2020,26.76
1329,18,Southern Scotland,16:30 28-01-2020,26.76
1330,18,Southern Scotland,17:00 28-01-2020,26.76
1331,18,Southern Scotland,17:30 28-01-2020,26.76
1332,18,Southern Scotland,18:00 28-01-2020,26.76
1333,18,Southern Scotland,18:30 28-01-2020,26.76
1334,18,Southern Scotland,19:00 28-01-2020,11.18
1335,18,Southern Scotland,19:30 28-01-2020,11.18
1336,18,Southern Scotland,20:00 28-01-2020,11.18
1337,18,Southern Scotland,20:30 28-01-2020,11.18
1338,18,Southern Scotland,21:00 28-01-2020,11.18
1339,18,Southern Scotland,21:30 28-01-2020,11.18
1340,18,Southern Scotland,22:00 28-01-2020,11.18
1341,18,Southern Scotland,22:30 28-01-2020,11.18
1342,18,Southern Scotland,23:00 28-01-2020,11.13
1343,18,Southern Scotland,23:30 28-01-2020,11.13
1344,18,Southern Scotland,00:00 29-01-2020,11.14
1345,18,Southern Scotland,00:30 29-01-2020,11.14
1346,18,Southern Scotland,01:00 29-01-2020,11.14
1347,18,Southern Scotland,01:30 29-01-2020,11.14
1348,18,Southern Scotland,02:00 29-01-2020,11.14
1349,18,Southern Scotland,02:30 29-01-2020,11.14
1350,18,Southern Scotland,03:00 29-01-2020,11.14
1351,18,Southern Scotland,03:30 29-01-2020,11.14
1352,18,Southern Scotland,04:00 29-01-2020,11.14
1353,18,Southern Scotland,04:30 29-01-2020,11.14
1354,18,Southern Scotland,05:00 29-01-2020,11.14
1355,18,Southern Scotland,05:30 29-01-2020,11.14
1356,18,Southern Scotland,06:00 29-01-2020,11.14
1357,18,Southern Scotland,06:30 29-01-2020,11.14
1358,18,Southern Scotland,07:00 29-01-2020,11.84
1359,18,Southern Scotland,07:30 29-01-2020,11.84
1360,18,Southern Scotland,08:00 29-01-2020,11.84
1361,18,Southern Scotland,08:30 29-01-2020,11.84
1362,18,Southern Scotland,09:00 29-01-2020,11.84
1363,18,Southern Scotland,09:30 29-01-2020,11.84
1364,18,Southern Scotland,10:00 29-01-2020,11.84
1365,18,Southern Scotland,10:30 29-01-2020,11.84
1366,18,Southern Scotland,11:00 29-01-2020,11.84
1367,18,Southern Scotland,11:30 29-01-2020,11.84
1368,18,Southern Scotland,12:00 29-01-2020,11.84
1369,18,Southern Scotland,12:30 29-01-2020,11.84
1370,18,Southern Scotland,13:00 29-01-2020,11.84
1371,18,Southern Scotland,13:30 29-01-2020,11.84
1372,18,Southern Scotland,14:00 29-01-2020,11.84
1373,18,Southern Scotland,14:30 29-01-2020,11.84
1374,18,Southern Scotland,15:00 29-01-2020,11.84
1375,18,Southern Scotland,15:30 29-01-2020,11.84
1376,18,Southern Scotland,16:00 29-01-2020,26.86
1377,18,Southern Scotland,16:30 29-01-2020,26.86
1378,18,Southern Scotland,17:00 29-01-2020,26.86
1379,18,Southern Scotland,17:30 29-01-2020,26.86
1380,18,Southern Scotland,18:00 29-01-2020,26.86
1381,18,Southern Scotland,18:30 29-01-2020,26.86
1382,18,Southern Scotland,19:00 29-01-2020,11.19
1383,18,Southern Scotland,19:30 29-01-2020,11.19
1384,18,Southern Scotland,20:00 29-01-2020,11.19
1385,18,Southern Scotland,20:30 29-01-2020,11.19
1386,18,Southern Scotland,21:00 29-01-2020,11.19
1387,18,Southern Scotland,21:30 29-01-2020,11.19
1388,18,Southern Scotland,22:00 29-01-2020,11.19
1389,18,Southern Scotland,22:30 29-01-2020,11.19
1390,18,Southern Scotland,23:00 29-01-2020,11.14
1391,18,Southern Scotland,23:30 29-01-2020,11.14
1392,18,Southern Scotland,00:00 30-01-2020,12.01
1393,18,Southern Scotland,00:30 30-01-2020,12.01
1394,18,Southern Scotland,01:00 30-01-2020,12.01
1395,18,Southern Scotland,01:30 30-01-2020,12.01
1396,18,Southern Scotland,02:00 30-01-2020,12.01
1397,18,Southern Scotland,02:30 30-01-2020,12.01
1398,18,Southern Scotland,03:00 30-01-2020,12.01
1399,18,Southern Scotland,03:30 30-01-2020,12.01
1400,18,Southern Scotland,04:00 30-01-2020,12.01
1401,18,Southern Scotland,04:30 30-01-2020,12.01
1402,18,Southern Scotland,05:00 30-01-2020,12.01
1403,18,Southern Scotland,05:30 30-01-2020,12.01
1404,18,Southern Scotland,06:00 30-01-2020,12.01
1405,18,Southern Scotland,06:30 30-01-2020,12.01
1406,18,Southern Scotland,07:00 30-01-2020,13.2
1407,18,Southern Scotland,07:30 30-01-2020,13.2
1408,18,Southern Scotland,08:00 30-01-2020,13.2
1409,18,Southern Scotland,08:30 30-01-2020,13.2
1410,18,Southern Scotland,09:00 30-01-2020,13.2
1411,18,Southern Scotland,09:30 30-01-2020,13.2
1412,18,Southern Scotland,10:00 30-01-2020,13.2
1413,18,Southern Scotland,10:30 30-01-2020,13.2
1414,18,Southern Scotland,11:00 30-01-2020,13.2
1415,18,Southern Scotland,11:30 30-01-2020,13.2
1416,18,Southern Scotland,12:00 30-01-2020,13.2
1417,18,Southern Scotland,12:30 30-01-2020,13.2
1418,18,Southern Scotland,13:00 30-01-2020,13.2
1419,18,Southern Scotland,13:30 30-01-2020,13.2
1420,18,Southern Scotland,14:00 30-01-2020,13.2
1421,18,Southern Scotland,14:30 30-01-2020,13.2
1422,18,Southern Scotland,15:00 30-01-2020,13.2
1423,18,Southern Scotland,15:30 30-01-2020,13.2
1424,18,Southern Scotland,16:00 30-01-2020,28.21
1425,18,Southern Scotland,16:30 30-01-2020,28.21
1426,18,Southern Scotland,17:00 30-01-2020,28.21
1427,18,Southern Scotland,17:30 30-01-2020,28.21
1428,18,Southern Scotland,18:00 30-01-2020,28.21
1429,18,Southern Scotland,18:30 30-01-2020,28.21
1430,18,Southern Scotland,19:00 30-01-2020,12.06
1431,18,Southern Scotland,19:30 30-01-2020,12.06
1432,18,Southern Scotland,20:00 30-01-2020,12.06
1433,18,Southern Scotland,20:30 30-01-2020,12.06
1434,18,Southern Scotland,21:00 30-01-2020,12.06
1435,18,Southern Scotland,21:30 30-01-2020,12.06
1436,18,Southern Scotland,22:00 30-01-2020,12.06
1437,18,Southern Scotland,22:30 30-01-2020,12.06
1438,18,Southern Scotland,23:00 30-01-2020,12.01
1439,18,Southern Scotland,23:30 30-01-2020,12.01
1440,18,Southern Scotland,00:00 31-01-2020,11.08
